source,source_entry_id,date_as_written,incident,victim_country,tags,actors,text,source_url
CSIS Significant Cyber Incidents,CSIS:388,January 2022,CSIS entry 388,,,,Hackers shut down internet traffic to and from North Korea twice in two weeks from what researchers say was likely a series of DDoS attacks. The second attack came just after North Korea’s 5th missile test of the month.,https://csis-website-prod.s3.amazonaws.com/s3fs-public/2026-07/260706_Significant_Cyber_Events.pdf?VersionId=1Li2342elpx5OV3lnGEYyXXB_LRbGnPm
CSIS Significant Cyber Incidents,CSIS:605,July 2020,CSIS entry 605,,,,"Media reports say a 2018 Presidential finding authorized the CIA to conduct cyber operations against Iran, North Korea, Russia, and China. The operations included disruption and public leaking of information.",https://csis-website-prod.s3.amazonaws.com/s3fs-public/2026-07/260706_Significant_Cyber_Events.pdf?VersionId=1Li2342elpx5OV3lnGEYyXXB_LRbGnPm
CSIS Significant Cyber Incidents,CSIS:640,March 2020,CSIS entry 640,,,,Suspected South Korean hackers were found to have used five previously unreported software vulnerabilities to conduct a wide-ranging espionage campaign against North Korean targets,https://csis-website-prod.s3.amazonaws.com/s3fs-public/2026-07/260706_Significant_Cyber_Events.pdf?VersionId=1Li2342elpx5OV3lnGEYyXXB_LRbGnPm
CSIS Significant Cyber Incidents,CSIS:899,September 2017,CSIS entry 899,,,,Press reports say that the US Cyber Command targeted North Korea's the Reconnaissance General Bureau for denial-of-service attacks.,https://csis-website-prod.s3.amazonaws.com/s3fs-public/2026-07/260706_Significant_Cyber_Events.pdf?VersionId=1Li2342elpx5OV3lnGEYyXXB_LRbGnPm
CSIS Significant Cyber Incidents,CSIS:1009,June 2015,CSIS entry 1009,,,,"Media reports say that Stuxnet-like attacks were attempted against North Korea by the U.S., without success.",https://csis-website-prod.s3.amazonaws.com/s3fs-public/2026-07/260706_Significant_Cyber_Events.pdf?VersionId=1Li2342elpx5OV3lnGEYyXXB_LRbGnPm
CSIS Significant Cyber Incidents,CSIS:1079,March 2013,CSIS entry 1079,,,,North Korea blames the United States and South Korea for a series of attacks that severely restricted Internet access in the country.,https://csis-website-prod.s3.amazonaws.com/s3fs-public/2026-07/260706_Significant_Cyber_Events.pdf?VersionId=1Li2342elpx5OV3lnGEYyXXB_LRbGnPm
EuRepoC,EuRepoC:2787,01.12.2022,Unknown actors spread XorDDoS Trojan to build botnet spanning 21 countries beginning December 2022,"India;India;India;India;India;Slovenia;Slovenia;Slovenia;Slovenia;Slovenia;Turkey;Turkey;Turkey;Turkey;Turkey;Thailand;Thailand;Thailand;Thailand;Thailand;Norway;Norway;Norway;Norway;Norway;United States;United States;United States;United States;United States;Korea, Democratic People's Republic of;Korea, Democratic People's Republic of;Korea, Democratic People's Republic of;Korea, Democratic People's Republic of;Korea, Democratic People's Republic of;Brazil;Brazil;Brazil;Brazil;Brazil;Mexico;Mexico;Mexico;Mexico;Mexico;Azerbaijan;Azerbaijan;Azerbaijan;Azerbaijan;Azerbaijan;Pakistan;Pakistan;Pakistan;Pakistan;Pakistan;Italy;Italy;Italy;Italy;Italy;Peru;Peru;Peru;Peru;Peru;Colombia;Colombia;Colombia;Colombia;Colombia;Djibouti;Djibouti;Djibouti;Djibouti;Djibouti;Senegal;Senegal;Senegal;Senegal;Senegal;United Arab Emirates;United Arab Emirates;United Arab Emirates;United Arab Emirates;United Arab Emirates;Malaysia;Malaysia;Malaysia;Malaysia;Malaysia;Burkina Faso;Burkina Faso;Burkina Faso;Burkina Faso;Burkina Faso",Hijacking with Misuse,Not attributed (Not attributed),"Unknown actors infected Linux devices of a variety of organisations across 21 countries with the XorDDoS Trojan between December 2022 and 15 August 2023, IT security company Palo Alto Networks reported on 16 October 2023.
The unidentified threat actors compromised systems of organisations active in the semiconductor, telecommunications and retail industries as well as of transportation and finance companies. Hijacked devices were integrated into a botnet for conducting DDoS attacks. ",https://unit42.paloaltonetworks.com/new-linux-xorddos-trojan-campaign-delivers-malware/
EuRepoC,EuRepoC:1234,01.01.2019,DarkHotel vs. PRK,"Korea, Democratic People's Republic of;Korea, Democratic People's Republic of",Data theft;Hijacking with Misuse,"Zigzag Hail fka DUBNIUM/Dark Hotel/Tapaoux (Korea, Republic of)",The state-attributed APT DarkHotel used 5 Zero-Days over the course of 2019 to spy on North Korea,https://www.wired.com/story/north-korea-hacking-zero-days-google/
EuRepoC,EuRepoC:997,01.03.2017,US DDoS towards North Korean,"Korea, Democratic People's Republic of",Disruption,US CYCOM (United States),"The United States targeted North Korea’s military spy agency. The attack was a distributed denial of service (DDoS) campaign with an aim to flood North Korean spy agency’s servers with traffic, crippling its access to the internet.",https://www.cybersecurityintelligence.com/blog/cyberwarfare-us-launches-ddos-attacks-against-n-korean-spy-agency-2902.html;https://thediplomat.com/2017/10/how-to-make-sense-of-offensive-us-cyber-operations-against-north-korean-military-intelligence/
EuRepoC,EuRepoC:459,04.04.2013,Anonymous vs. North Korea,"Korea, Democratic People's Republic of",Disruption,Anonymous (Unknown),"Hacker collective Anonymous repeatedly hacks into North Korean propaganda websites and online accounts, posts pictures that mock Kim Jong Un.",https://www.cnet.com/news/anonymous-again-hacks-into-north-korean-web-sites/;https://arstechnica.com/information-technology/2013/04/anonymous-hackers-take-control-of-north-korean-propaganda-sites/
EuRepoC,EuRepoC:451,13.03.2013,Anti-NK DDOS,"Korea, Democratic People's Republic of;Korea, Democratic People's Republic of",Disruption,"Unknown (Korea, Republic of, United States)","North Korea has been hit by a massive cyber attack according the declaration of a South Korean government official that also added the government of Seoul is investigating on the event denying every responsibility. Russia’s ITAR-TASS news agency, which has an office in Pyongyang, reported the events on Wednesday night, all web sites of the country went offline until late Thursday afternoon.",http://securityaffairs.co/wordpress/13005/security/n-korea-hit-by-large-scale-cyber-attackrepercussions-in-cyberspace.html
EuRepoC,EuRepoC:40,01.01.2007,Darkhotel APT,"Korea, Democratic People's Republic of;Korea, Democratic People's Republic of;Korea, Democratic People's Republic of;Korea, Democratic People's Republic of;Korea, Democratic People's Republic of;Korea, Democratic People's Republic of;Japan;Japan;Japan;Japan;Japan;Japan;India;India;India;India;India;India;United States;United States;United States;United States;United States;United States;Asia (region);Asia (region);Asia (region);Asia (region);Asia (region);Asia (region)",Data theft,"Zigzag Hail fka DUBNIUM/Dark Hotel/Tapaoux (Korea, Republic of)",DarkHotel: A Sophisticated New Hacking Attack Targets High-Profile Hotel Guests,https://securelist.com/the-darkhotel-apt/66779/;https://www.wired.com/2014/11/darkhotel-malware/;https://labs.bitdefender.com/2017/07/inexsmar-an-unusual-darkhotel-campaign/
Dyadic Cyber Incident Dataset v2,DCID:144,3/1/2010,NK Stuxnet,US / N Korea,,initiator code 2,Publically available sources claim that Stuxnet style worm attempted to disrupt NK's nuclear progam but ultimately could not reach its target,"https://www.wired.com/2015/05/us-tried-stuxnet-north-koreas-nuclear-program/, https://www.reuters.com/article/us-usa-northkorea-stuxnet-idUSKBN0OE2DM20150529"
Dyadic Cyber Incident Dataset v2,DCID:148,11/10/2015,US Left of Launch,US / N Korea,,initiator code 2,Publically available sources claim that Evidence of US operations bringing down NK missiles when testing ,"https://www.defenseone.com/threats/2018/01/left-launch-missile-defense-you-dont-want-have-just-one-solution-threat/145438/, https://www.nytimes.com/2017/03/04/world/asia/left-of-launch-missile-defense.html"
Dyadic Cyber Incident Dataset v2,DCID:162,1/1/2008,Boxing Rumble_B,US / N Korea,,initiator code 2,"Publically available sources claim that US defensive reverse botnet campaign, honeypot of potential initiators deflected and botnet back to the original source",https://resources.infosecinstitute.com/snowdens-new-revelations-dominance-cyberspace/#gref  https://arstechnica.com/information-technology/2015/01/nsa-secretly-hijacked-existing-malware-to-spy-on-n-korea-others/?comments=1&post=28312161 https://www.research-collection.ethz.ch/bitstream/handle/20.500.11850/314511/Cyber-Reports-2018-03.pdf https://www.bbc.com/news/world-us-canada-23123964
Dyadic Cyber Incident Dataset v2,DCID:361,1/1/2008,Dark Hotel_A,N Korea / S Korea,,initiator code 732,Information theft from South Korea that targeted executives working in the nuclear industry,https://attack.mitre.org/groups/G0012/ https://www.wired.com/2014/11/darkhotel-malware/ https://www.trendmicro.com/vinfo/pl/security/news/cybercrime-and-digital-threats/darkhotel-malware-emphasizes-the-importance-of-using-secure-networks-while-travelling
Dyadic Cyber Incident Dataset v2,DCID:365,1/4/2011,Anti-Kim,N Korea / S Korea,,initiator code 732,Disruptive action on the birthday of Kim Jong-Un,http://www.washingtonpost.com/wp-dyn/content/article/2011/01/08/AR2011010801155.html
"CISSM Cyber Events Database (copy exported 21 Apr 2023, via github.com/holisticinfosec/CISSM-EDA)",CISSM:2106,2022-01-26,North Korea's Internet,Korea (the Democratic People's Republic of),Disruptive; External Denial of Service; Undetermined,Undetermined (Undetermined),The North Korean internet is hit with a coordinated Distributed Denial of Service attack and DNS outage taking the country completely offline for a number of hours.,https://www.reuters.com/world/asia-pacific/nkorean-internet-downed-by-suspected-cyber-attacks-researchers-2022-01-26/
"CISSM Cyber Events Database (copy exported 21 Apr 2023, via github.com/holisticinfosec/CISSM-EDA)",CISSM:7390,2017-11-09,North Korean Radio station on 6400kHz,Korea (the Democratic People's Republic of),Disruptive; Message Manipulation; Undetermined,Undetermined (Undetermined),"A North Korean radio station is reportedly hijacked by an unknown hacker to play the 1980's hit song ""The Final Countdown"". The short-wave radio station, 6400kHz is known to be used by Pyongyang to transmit secret codes.",http://www.ibtimes.co.uk/hacker-hijacks-north-korean-radio-station-plays-final-countdown-1647371
"CISSM Cyber Events Database (copy exported 21 Apr 2023, via github.com/holisticinfosec/CISSM-EDA)",CISSM:7467,2017-09-30,North Korea's Reconaissance General Bureau,Korea (the Democratic People's Republic of),Disruptive; External Denial of Service; Sabotage,US Cyber Command (United States of America),"U.S. government officials told the Washington Post that the United States had launched a denial of service campaign against North Korea's Reconnaissance General Bureau, the country's intelligence agency.",https://www.washingtonpost.com/world/national-security/trump-signed-presidential-directive-ordering-actions-to-pressure-north-korea/2017/09/30/97c6722a-a620-11e7-b14f-f41773cd5a14_story.html
CFR Cyber Operations Tracker,CFR:compromise-the-north-korean-nuclear-program,Mar 2017,Compromise the North Korean nuclear program,North Korea,Sabotage; Military, (sponsor: United States),"A threat actor, believed to be the United States, targeted computer networks and electronic components associated with the North Korean nuclear program to sabotage and slow its development.",https://www.cfr.org/cyber-operations/compromise-the-north-korean-nuclear-program https://www.nytimes.com/2017/03/04/world/asia/north-korea-missile-program-sabotage.html
CFR Cyber Operations Tracker,CFR:targeting-north-koreas-reconnaissance-general-bureau,Sep 2017,Targeting North Korea’s Reconnaissance General Bureau,North Korea,Denial of service; Government, (sponsor: United States),"that the United States had launched a denial of service campaign against North Korea’s Reconnaissance General Bureau, the country’s intelligence agency.",https://www.cfr.org/cyber-operations/targeting-north-koreas-reconnaissance-general-bureau https://www.washingtonpost.com/world/national-security/trump-signed-presidential-directive-ordering-actions-to-pressure-north-korea/2017/09/30/97c6722a-a620-11e7-b14f-f41773cd5a14_story.html https://arstechnica.com/information-technology/2017/10/as-us-launches-ddos-attacks-n-korea-gets-more-bandwidth-from-russia/
"KISA cyber threat trend report, 2022 H1 (2022년 상반기 사이버 위협 동향 보고서)",r22h1-p13-nkoutage,2022년 상반기,"ATTACK ON NORTH KOREA: North Korean websites and internet knocked offline, January 2022 (suspected DDoS; a US researcher claims it)",North Korea,,,"1월, 북한 주요 사이트들이 일시에 접속 장애 발생 • 1월 14일 북한에서 광범위한 인터넷 접속 중단 사태 발생. 영국의 사이버보안 연구자 Junade Ali는 14일 오전 7시 40분부터 15일 오전 9시 30분까지 조선중앙통신, 고려항공 등 북한의 웹 사이트, 이메일, DNS 서버가 간헐적 또는 전면적으로 접속되지 않았다고 설명. 이러한 현상은 기술적 실수나 DDoS 공격에 의해서 발생할 수 있는데, DDoS로 인한 것일 가능성이 높다고 전문가들은 추정 • 1월 26일~27일, 31일에도 북한에서 광범위한 인터넷 접속 중단 사태가 발생 • 미국의 기술 문화 잡지 Wired는 북한을 공격해 북한 전역의 인터넷 접속 중단 사태를 야기했다는 미국의 한 보안 연구자를 인터뷰. [KISA report, page 13]",https://www.kisa.or.kr/20205/form?postSeq=1022
